[{'title': 'Mercedes-Benz S 55 5.5 л. 2007 г. | 127000 км'}]
[]
[{'title': 'Mercedes-Benz A 180 1.8 л. 1994 г. | 371134 км'}]
[{'title': 'Mercedes-Benz W124 3.2 л. 1996 г'}]
[{'title': 'Mercedes-Benz Sprinter 3.5 л. 2007 г'}]
[{'title': 'Mercedes-Benz Sprinter 3.5 л. 2007 г'}]
[{'title': 'Mercedes-Benz Sprinter 2.7 л. 2001 г. | 150000 км'}]
[{'title': 'Mercedes-Benz Sprinter 3.5 л. 2007 г'}]
[{'title': 'Mercedes-Benz S 500 5.5 л. 2006 г. | 187000 км'}]
[{'title': 'Mercedes-Benz Sprinter 2.7 л. 2003 г. | 390000 км', 'price': None}]
[{'title': 'Mercedes-Benz A 160 1.6 л. 1998 г. | 270000 км', 'price': <p class="adTile-price"><span>260 000 KGS</span></p>}, {'title': 'Mercedes-Benz S-class AMG 6.3 л. 2009 г. | 110000 км', 'price': <p class="adTile-price">Договорная</p>}, {'title': 'Mercedes-Benz Sprinter 3.5 л. 2007 г', 'price': <p class="adTile-price"><span>874 506 KGS</span></p>}, {'title': 'Mercedes-Benz 220 5 л. 2001 г', 'price': <p class="adTile-price"><span>604 204 KGS</span></p>}, {'title': 'Mercedes-Benz W124 2 л. 1991 г', 'price': <p class="adTile-price"><span>195 000 KGS</span></p>}, {'title': 'Mercedes-Benz A 210 3.2 л. 2001 г', 'price': <p class="adTile-price"><span>954 006 KGS</span></p>}, {'title': 'Mercedes-Benz 240 2.4 л. 1998 г', 'price': <p class="adTile-price"><span>530 000 KGS</span></p>}, {'title': 'Mercedes-Benz C 280 2.8 л. 1995 г. | 123 км', 'price': <p class="adTile-price"><span>421 353 KGS</span></p>}]
[{'title': 'Mercedes-Benz R 350 3.5 л. 2007 г. | 240000 км'}, {'title': 'Mercedes-Benz Vito 2.2 л. 2005 г. | 250000 км'}, {'title': 'Mercedes-Benz A 180 1.8 л. 1994 г. | 371134 км'}, {'title': 'Mercedes-Benz C-Class 1.8 л. 1999 г. | 315285 км'}, {'title': 'Срочно продаю Mercedes-Benz Vaneo 2002 год, 1.7 дизель (CDI) Машина в'}, {'title': 'Mercedes-Benz 2.9 л. 1999 г'}, {'title': 'Mercedes-Benz S 500 3.5 л. 2006 г. | 215000 км'}, {'title': 'Mercedes-Benz A 210 3.2 л. 2001 г'}]
[{'title': 'Mercedes-Benz 3 1.1 л. 2018 г. | 23456789 км', 'price': None}, {'title': 'Mercedes-Benz CLK-Class 2.3 л. 2002 г', 'price': None}, {'title': 'Продаю Рекс 2/7.Супер Макси плюс Евра/5.Автономка кондиционер сухой', 'price': None}, {'title': 'Mercedes-Benz A 160 1.6 л. 1998 г. | 270000 км', 'price': None}, {'title': 'Mercedes-Benz E-Class 2.2 л. 1994 г. | 350000 км', 'price': None}, {'title': 'Mercedes-Benz 220 2.2 л. 1994 г. | 123000 км', 'price': None}, {'title': 'Mercedes-Benz E 240 2.4 л. 1999 г. | 253000 км', 'price': None}, {'title': 'Mercedes-Benz A 210 2.4 л. 1998 г. | 280674 км', 'price': None}]
[{'title': 'Mercedes-Benz E 55 5.5 л. 2000 г. | 120000 км'}, {'title': 'Mercedes-Benz Sprinter 2.2 л. 2000 г'}, {'title': 'Mercedes-Benz C-Class 1.8 л. 1999 г. | 315285 км'}, {'title': 'Mercedes-Benz 200 2 л. 1999 г. | 320000 км'}, {'title': 'Mercedes-Benz 3.2 л. 1992 г. | 180000 км'}, {'title': 'Mercedes-Benz E 300 3 л. 1992 г. | 300000 км'}, {'title': 'Mercedes-Benz Sprinter 2.2 л. 2003 г. | 230000 км'}, {'title': 'Mercedes-Benz W124 2.3 л. 1989 г. | 3000000 км'}]
[{'title': 'Игра для PS4 Crash Bandicoot 4: Это Вопрос Времени русские субтитры', 'price': '3900 сом'}, {'title': 'Игра для PS4 Cyberpunk 2077 русская версия', 'price': '2900 сом'}, {'title': 'Игра для PS5 Deathloop русская версия', 'price': '4900 сом'}, {'title': 'Игра для PS4 The Inpatient русская версия, только для VR', 'price': '3820 сом'}, {'title': 'Игра для PS4 Tekken 7 Legendary Edition английская версия', 'price': '3330 сом'}, {'title': 'Игра для PS4 Arizona Sunshine для VR', 'price': '3330 сом'}, {'title': 'Игра для PS4 WWE W2K18', 'price': '2070 сом'}, {'title': 'Игра для PS5 Deathloop английская версия', 'price': '5150 сом'}, {'title': 'Игра для PS4 Death Stranding русская версия', 'price': '2820 сом'}, {'title': 'Игра для PS4 Middle-Earth: Shadow of War', 'price': '2570 сом'}, {'title': "Игра для PS5 Five Nights at Freddy's Security Breach русские субтитры", 'price': '4230 сом'}, {'title': 'Игра для PS4 Knack 2', 'price': '3990 сом'}, {'title': 'Игра для PS4 Knack 2 английская версия', 'price': '2740 сом'}, {'title': "Игра для PS4 Moss  (только для PS VR и PS Camer'ы)", 'price': '3240 сом'}, {'title': 'Игра для PS4 Overcooked !+ Overcooked2 ! английская версия', 'price': '3730 сом'}, {'title': "Игра для PS4 Sairento (только для PS VR, PS Camer'ы и PS Move) английская версия", 'price': '3240 сом'}, {'title': 'Игра для PS5 Метро: Исход - Полное издание русская версия', 'price': '3820 сом'}, {'title': "Игра для PS5 Demon's Souls русские субтитры", 'price': '6990 сом'}, {'title': 'Игра для PS4 Sonic Forces русская версия', 'price': '2900 сом-14%2500 сом'}, {'title': 'Игра для PS5 Ghostwire: Tokyo русская версия', 'price': '5560 сом'}]
[{'title': 'Игра для PS4 Crash Bandicoot 4: Это Вопрос Времени русские субтитры', 'price': '3900 сом'}, {'title': 'Игра для PS4 Cyberpunk 2077 русская версия', 'price': '2900 сом'}, {'title': 'Игра для PS5 Deathloop русская версия', 'price': '4900 сом'}, {'title': 'Игра для PS4 The Inpatient русская версия, только для VR', 'price': '3820 сом'}, {'title': 'Игра для PS4 Tekken 7 Legendary Edition английская версия', 'price': '3330 сом'}, {'title': 'Игра для PS4 Arizona Sunshine для VR', 'price': '3330 сом'}, {'title': 'Игра для PS4 WWE W2K18', 'price': '2070 сом'}, {'title': 'Игра для PS5 Deathloop английская версия', 'price': '5150 сом'}, {'title': 'Игра для PS4 Death Stranding русская версия', 'price': '2820 сом'}, {'title': 'Игра для PS4 Middle-Earth: Shadow of War', 'price': '2570 сом'}, {'title': "Игра для PS5 Five Nights at Freddy's Security Breach русские субтитры", 'price': '4230 сом'}, {'title': 'Игра для PS4 Knack 2', 'price': '3990 сом'}, {'title': 'Игра для PS4 Knack 2 английская версия', 'price': '2740 сом'}, {'title': "Игра для PS4 Moss  (только для PS VR и PS Camer'ы)", 'price': '3240 сом'}, {'title': 'Игра для PS4 Overcooked !+ Overcooked2 ! английская версия', 'price': '3730 сом'}, {'title': "Игра для PS4 Sairento (только для PS VR, PS Camer'ы и PS Move) английская версия", 'price': '3240 сом'}, {'title': 'Игра для PS5 Метро: Исход - Полное издание русская версия', 'price': '3820 сом'}, {'title': "Игра для PS5 Demon's Souls русские субтитры", 'price': '6990 сом'}, {'title': 'Игра для PS4 Sonic Forces русская версия', 'price': '2900 сом-14%2500 сом'}, {'title': 'Игра для PS5 Ghostwire: Tokyo русская версия', 'price': '5560 сом'}]
[{'title': 'Игра для PS4 Crash Bandicoot 4: Это Вопрос Времени русские субтитры', 'price': '3900 сом'}, {'title': 'Игра для PS4 Cyberpunk 2077 русская версия', 'price': '2900 сом'}, {'title': 'Игра для PS5 Deathloop русская версия', 'price': '4900 сом'}, {'title': 'Игра для PS4 The Inpatient русская версия, только для VR', 'price': '3820 сом'}, {'title': 'Игра для PS4 Tekken 7 Legendary Edition английская версия', 'price': '3330 сом'}, {'title': 'Игра для PS4 Arizona Sunshine для VR', 'price': '3330 сом'}, {'title': 'Игра для PS4 WWE W2K18', 'price': '2070 сом'}, {'title': 'Игра для PS5 Deathloop английская версия', 'price': '5150 сом'}, {'title': 'Игра для PS4 Death Stranding русская версия', 'price': '2820 сом'}, {'title': 'Игра для PS4 Middle-Earth: Shadow of War', 'price': '2570 сом'}, {'title': "Игра для PS5 Five Nights at Freddy's Security Breach русские субтитры", 'price': '4230 сом'}, {'title': 'Игра для PS4 Knack 2', 'price': '3990 сом'}, {'title': 'Игра для PS4 Knack 2 английская версия', 'price': '2740 сом'}, {'title': "Игра для PS4 Moss  (только для PS VR и PS Camer'ы)", 'price': '3240 сом'}, {'title': 'Игра для PS4 Overcooked !+ Overcooked2 ! английская версия', 'price': '3730 сом'}, {'title': "Игра для PS4 Sairento (только для PS VR, PS Camer'ы и PS Move) английская версия", 'price': '3240 сом'}, {'title': 'Игра для PS5 Метро: Исход - Полное издание русская версия', 'price': '3820 сом'}, {'title': "Игра для PS5 Demon's Souls русские субтитры", 'price': '6990 сом'}, {'title': 'Игра для PS4 Sonic Forces русская версия', 'price': '2500 сом'}, {'title': 'Игра для PS5 Ghostwire: Tokyo русская версия', 'price': '5560 сом'}]
[{'title': 'Игра для PS4 Crash Bandicoot 4: Это Вопрос Времени русские субтитры', 'price': '3900 сом', 'image': '/images/product/88064/1611654564_91293300.jpg'}, {'title': 'Игра для PS4 Cyberpunk 2077 русская версия', 'price': '2900 сом', 'image': '/images/product/88065/1611655857_61873500.jpg'}, {'title': 'Игра для PS5 Deathloop русская версия', 'price': '4900 сом', 'image': '/images/product/104194/1646991646_46196500.jpg'}, {'title': 'Игра для PS4 The Inpatient русская версия, только для VR', 'price': '3820 сом', 'image': '/images/product/54281/54281.jpg'}, {'title': 'Игра для PS4 Tekken 7 Legendary Edition английская версия', 'price': '3330 сом', 'image': '/images/product/101130/1638856835_62938400.png'}, {'title': 'Игра для PS4 Arizona Sunshine для VR', 'price': '3330 сом', 'image': '/images/product/54282/54282.jpg'}, {'title': 'Игра для PS4 WWE W2K18', 'price': '2070 сом', 'image': '/images/product/54284/54284.jpg'}, {'title': 'Игра для PS5 Deathloop английская версия', 'price': '5150 сом', 'image': '/images/product/98830/1633326364_66324500.jpg'}, {'title': 'Игра для PS4 Death Stranding русская версия', 'price': '2820 сом', 'image': '/images/product/77071/1582598780_67140400.jpg'}, {'title': 'Игра для PS4 Middle-Earth: Shadow of War', 'price': '2570 сом', 'image': '/images/product/54288/54288.png'}, {'title': "Игра для PS5 Five Nights at Freddy's Security Breach русские субтитры", 'price': '4230 сом', 'image': '/images/product/105489/1650359754_29616500.png'}, {'title': 'Игра для PS4 Knack 2', 'price': '3990 сом', 'image': '/images/product/54289/54289.jpg'}, {'title': 'Игра для PS4 Knack 2 английская версия', 'price': '2740 сом', 'image': '/images/product/77074/1582602088_81517400.jpg'}, {'title': "Игра для PS4 Moss  (только для PS VR и PS Camer'ы)", 'price': '3240 сом', 'image': '/images/product/77076/1582603677_11963400.jpg'}, {'title': 'Игра для PS4 Overcooked !+ Overcooked2 ! английская версия', 'price': '3730 сом', 'image': '/images/product/77077/1582604409_53694300.jpg'}, {'title': "Игра для PS4 Sairento (только для PS VR, PS Camer'ы и PS Move) английская версия", 'price': '3240 сом', 'image': '/images/product/77078/1582604944_17923600.jpg'}, {'title': 'Игра для PS5 Метро: Исход - Полное издание русская версия', 'price': '3820 сом', 'image': '/images/product/98070/1632132827_95108300.png'}, {'title': "Игра для PS5 Demon's Souls русские субтитры", 'price': '6990 сом', 'image': '/images/product/104214/1647060075_34262700.png'}, {'title': 'Игра для PS4 Sonic Forces русская версия', 'price': '2500 сом', 'image': '/images/product/77079/1582605576_23053800.png'}, {'title': 'Игра для PS5 Ghostwire: Tokyo русская версия', 'price': '5560 сом', 'image': '/images/product/105496/1650363346_55248100.png'}]
